{
    "accuracy": 0.5442799070847851,
    "precision": 0.0,
    "recall": 0.0,
    "f1": 0.0,
    "loss": 0.6975413996998857
}