{
    "accuracy": 0.8475877192982457,
    "precision": 0.035087719296637426,
    "recall": 0.02499999999907237,
    "f1": 0.02850877192499086,
    "loss": 0.601774336476075
}