{
    "accuracy": 0.8788377192982457,
    "precision": 0.0,
    "recall": 0.0,
    "f1": 0.0,
    "loss": 0.4091702511436061
}