{
    "accuracy": 0.8791666666666665,
    "loss": 0.5115396790827315
}