{
    "accuracy": 0.6091666666666669,
    "loss": 1.69157114289701
}