{
    "accuracy": 0.5933333333333334,
    "loss": 1.6966976383080086
}