{
    "accuracy": 0.9736842105263158,
    "precision": 0.9547932330691674,
    "recall": 0.9382499809997877,
    "f1": 0.9437957603176581,
    "loss": 0.39712670305474446
}