{
    "accuracy": 0.9399671052631579,
    "precision": 0.8255135945828223,
    "recall": 0.9460412394490784,
    "f1": 0.8773966791117079,
    "loss": 0.15699189445494036
}