{
    "accuracy": 0.9457236842105263,
    "precision": 0.866921528752278,
    "recall": 0.9429596718941557,
    "f1": 0.8988449993799729,
    "loss": 0.13657582835539392
}