{
    "accuracy": 0.8788377192982457,
    "precision": 0.8788377192982457,
    "recall": 1.0,
    "f1": 0.9337934729071078,
    "loss": 0.4854203878264678
}