{
    "accuracy": 0.9638157894736842,
    "precision": 0.9244931238211469,
    "recall": 0.9441397053093503,
    "f1": 0.9300715342929446,
    "loss": 0.7983954686083292
}