{
    "accuracy": 0.6025219298245613,
    "loss": 0.7761602793869219
}