{
    "accuracy": 0.6088516746411483,
    "precision": 0.0,
    "recall": 0.0,
    "f1": 0.0,
    "loss": 9.601626471469277
}
