{
    "accuracy": 0.612390350877193,
    "precision": 0.0,
    "recall": 0.0,
    "f1": 0.0,
    "loss": 0.6814757381614885
}