{
    "accuracy": 0.5926535087719298,
    "loss": 0.7236270473191613
}