{
    "accuracy": 0.612390350877193,
    "loss": 0.6995692315854525
}