{
    "accuracy": 0.7360197368421053,
    "precision": 0.26535087717388517,
    "recall": 0.054943229284555986,
    "f1": 0.0873614173799643,
    "loss": 0.5669925722636675
}