{
    "accuracy": 0.8421052631578947,
    "precision": 0.6755091399741563,
    "recall": 0.7221954945539609,
    "f1": 0.6860659367069699,
    "loss": 0.3549423155031706
}