{
    "accuracy": 0.678453947368421,
    "precision": 0.35637009188787827,
    "recall": 0.23594877344556006,
    "f1": 0.2675183290838521,
    "loss": 1.1896159821435024
}